<?xml version="1.0"?>
<config>
	<sections>
		<megamenu translate="label">
			<label>Megamenu</label>
			<tab>swextensions</tab>
			<frontend_type>text</frontend_type>
			<sort_order>20</sort_order>
			<show_in_default>1</show_in_default>
			<show_in_website>1</show_in_website>
			<show_in_store>1</show_in_store>
			<groups>
				<general>
					<label>General Settings</label>
					<frontend_type>text</frontend_type>
					<sort_order>10</sort_order>
					<show_in_default>1</show_in_default>
					<show_in_website>1</show_in_website>
					<show_in_store>1</show_in_store>
					<fields>
						<enable translate="label comment">
							<label>Enable</label>
							<comment>Enable/disable entire main menu bar in the header section of the page.</comment>
							<frontend_type>select</frontend_type>
							<source_model>adminhtml/system_config_source_enabledisable</source_model>
							<sort_order>10</sort_order>
							<show_in_default>1</show_in_default>
							<show_in_website>1</show_in_website>
							<show_in_store>1</show_in_store>
						</enable>
                        <wide_style>
                            <label>Default Menu Type</label>
                            <comment><![CDATA[<strong>Important</strong>: Can not enable both styles at a time!]]></comment>
                            <frontend_type>select</frontend_type>
                            <source_model>megamenu/category_attribute_source_type_mode</source_model>
                            <sort_order>15</sort_order>
                            <show_in_default>1</show_in_default>
                            <show_in_website>1</show_in_website>
                            <show_in_store>1</show_in_store>
                        </wide_style>
                        <staticwidth translate="label">
                            <label>Static Menu Width</label>
                            <frontend_type>text</frontend_type>
                            <sort_order>20</sort_order>
                            <show_in_default>1</show_in_default>
                            <show_in_website>1</show_in_website>
                            <show_in_store>1</show_in_store>
                            <depends>
                                <wide_style>staticwidth</wide_style>
                            </depends>
                        </staticwidth>
                        <display_empty_categories translate="label comment">
                            <label>Display empty categories</label>
                            <comment><![CDATA[An empty category is a category that has no products]]></comment>
                            <frontend_type>select</frontend_type>
                            <source_model>adminhtml/system_config_source_yesno</source_model>
                            <sort_order>30</sort_order>
                            <show_in_default>1</show_in_default>
                            <show_in_website>1</show_in_website>
                            <show_in_store>1</show_in_store>
                        </display_empty_categories>
                        <max_level translate="label comment">
                            <label>Visible menu depth</label>
                            <comment><![CDATA[e.g. 1, 2, 3, 4 (0 - disable limits). For example, if you set this value to <b>2</b>, only second level categories will be displayed]]></comment>
                            <frontend_type>text</frontend_type>
                            <sort_order>40</sort_order>
                            <show_in_default>1</show_in_default>
                            <show_in_website>1</show_in_website>
                            <show_in_store>1</show_in_store>
                        </max_level>
                        <show_home_link translate="label">
                            <label>Show the link "Home"</label>
                            <frontend_type>select</frontend_type>
                            <source_model>adminhtml/system_config_source_yesno</source_model>
                            <sort_order>50</sort_order>
                            <show_in_default>1</show_in_default>
                            <show_in_website>1</show_in_website>
                            <show_in_store>1</show_in_store>
                        </show_home_link>
                        <show_home_icon translate="label">
                            <label>Show "Home" Icon</label>
                            <frontend_type>select</frontend_type>
                            <source_model>adminhtml/system_config_source_yesno</source_model>
                            <sort_order>52</sort_order>
                            <show_in_default>1</show_in_default>
                            <show_in_website>1</show_in_website>
                            <show_in_store>1</show_in_store>
                            <depends>
                                <show_home_link>1</show_home_link>
                            </depends>
                        </show_home_icon>
                        <home_icon translate="label">
                            <label>Home Icon</label>
                            <frontend_type>image</frontend_type>
                            <backend_model>adminhtml/system_config_backend_image</backend_model>
                            <upload_dir config="system/filesystem/media" scope_info="1">smartwave/megamenu/html</upload_dir>
                            <base_url type="media" scope_info="1">smartwave/megamenu/html</base_url>
                            <sort_order>55</sort_order>
                            <show_in_default>1</show_in_default>
                            <show_in_website>1</show_in_website>
                            <show_in_store>1</show_in_store>
                            <depends>
                                <show_home_link>1</show_home_link>
                                <show_home_icon>1</show_home_icon>
                            </depends>
                        </home_icon>
                        <non_breaking_space translate="label comment">
                            <label>Replace spaces with non-breaking spaces</label>
                            <comment><![CDATA[Insert <b>&amp;nbsp;</b> instead of a space in a name of a menu item]]></comment>
                            <frontend_type>select</frontend_type>
                            <source_model>adminhtml/system_config_source_yesno</source_model>
                            <sort_order>60</sort_order>
                            <show_in_default>1</show_in_default>
                            <show_in_website>1</show_in_website>
                            <show_in_store>1</show_in_store>
                        </non_breaking_space>                                                
					</fields>
				</general>                
                <popup translate="label">
                    <label>Popup Settings</label>
                    <frontend_type>text</frontend_type>
                    <sort_order>20</sort_order>
                    <show_in_default>1</show_in_default>
                    <show_in_website>1</show_in_website>
                    <show_in_store>1</show_in_store>
                    <fields>
                        <width translate="label comment">
                            <label>Width</label>
                            <comment>in pixels, (0 - no fixed width)</comment>
                            <frontend_type>text</frontend_type>
                            <sort_order>10</sort_order>
                            <show_in_default>1</show_in_default>
                            <show_in_website>1</show_in_website>
                            <show_in_store>1</show_in_store>
                        </width>                        
                    </fields>
                </popup>
                <custom translate="label">
                    <label><![CDATA[Custom Links & Blocks]]></label>
                    <frontend_type>text</frontend_type>
                    <sort_order>30</sort_order>
                    <show_in_default>1</show_in_default>
                    <show_in_website>1</show_in_website>
                    <show_in_store>1</show_in_store>
                    <fields>
                        <!--<custom_block translate="label comment">
                            <label>Custom Block</label>
                            <comment><![CDATA[In order to display a custom block with images or other html content in the popup, use the <strong>Static Block ID</strong> (<strong>CMS->Static Blocks</strong> section)<br/>e.g. menu_custom_block]]></comment>
                            <frontend_type>text</frontend_type>
                            <sort_order>10</sort_order>
                            <show_in_default>1</show_in_default>
                            <show_in_website>1</show_in_website>
                            <show_in_store>1</show_in_store>
                        </custom_block>-->
                        <custom_links translate="label comment">
                            <label>Custom Links</label>
                            <comment><![CDATA[In order to display custom links, use the <strong>Static Block ID</strong> (<strong>CMS->Static Blocks</strong> section)<br/>e.g. menu_custom_links]]></comment>
                            <frontend_type>text</frontend_type>
                            <sort_order>20</sort_order>
                            <show_in_default>1</show_in_default>
                            <show_in_website>1</show_in_website>
                            <show_in_store>1</show_in_store>
                        </custom_links>
                        <custom_mobile_links translate="label comment">
                            <label>Custom Mobile Links</label>
                            <comment><![CDATA[In order to display custom links on mobile device, use the <strong>Static Block ID</strong> (<strong>CMS->Static Blocks</strong> section)<br/>e.g. menu_custom_mobile_links]]></comment>
                            <frontend_type>text</frontend_type>
                            <sort_order>30</sort_order>
                            <show_in_default>1</show_in_default>
                            <show_in_website>1</show_in_website>
                            <show_in_store>1</show_in_store>
                        </custom_mobile_links>
                        <custom_style translate="label">
                            <label>Custom Styles</label>
                            <frontend_type>textarea</frontend_type>
                            <sort_order>40</sort_order>
                            <show_in_default>1</show_in_default>
                            <show_in_website>1</show_in_website>
                            <show_in_store>1</show_in_store>
                        </custom_style>
                    </fields>
                </custom>
                <category_labels translate="label">
                    <label>Category Labels</label>
                    <frontend_type>text</frontend_type>
                    <sort_order>100</sort_order>
                    <show_in_default>1</show_in_default>
                    <show_in_website>1</show_in_website>
                    <show_in_store>1</show_in_store>
                    <fields>
                        <label1 translate="label">
                            <label>Label 1</label>
                            <comment><![CDATA[Define the text of the category label 1. Labels can be assigned to every category in Catalog > Manage Categories.]]></comment>
                            <frontend_type>text</frontend_type>
                            <sort_order>10</sort_order>
                            <show_in_default>1</show_in_default>
                            <show_in_website>1</show_in_website>
                            <show_in_store>1</show_in_store>
                        </label1>
                        <label2 translate="label">
                            <label>Label 2</label>
                            <comment><![CDATA[Define the text of the category label 2. Labels can be assigned to every category in Catalog > Manage Categories.]]></comment>
                            <frontend_type>text</frontend_type>
                            <sort_order>20</sort_order>
                            <show_in_default>1</show_in_default>
                            <show_in_website>1</show_in_website>
                            <show_in_store>1</show_in_store>
                        </label2>
                    </fields>
                </category_labels>
			</groups>
		</megamenu>
	</sections>
</config>
